
{
  "name": "affiliate-empire-automation",
  "version": "1.0.0",
  "description": "Complete automation system for affiliate marketing",
  "scripts": {
    "automation": "ts-node scripts/orchestrator.ts",
    "automation:daily": "ts-node scripts/orchestrator.ts daily",
    "automation:weekly": "ts-node scripts/orchestrator.ts weekly",
    "automation:health": "ts-node scripts/orchestrator.ts health",
    "content:generate": "ts-node scripts/generatePost.ts",
    "email:sequences": "ts-node scripts/emailSequence.ts sequences",
    "email:newsletter": "ts-node scripts/emailSequence.ts newsletter",
    "email:broadcast": "ts-node scripts/emailSequence.ts broadcast",
    "social:post": "ts-node scripts/socialPush.ts post",
    "social:schedule": "ts-node scripts/socialPush.ts schedule",
    "affiliates:optimize": "ts-node scripts/insertAffiliates.ts all",
    "affiliates:track": "ts-node scripts/insertAffiliates.ts track",
    "keywords:research": "ts-node scripts/keywordResearch.ts research",
    "keywords:suggest": "ts-node scripts/keywordResearch.ts suggest",
    "setup:cron": "bash scripts/setup-cron.sh",
    "logs:daily": "tail -f logs/daily-$(date +%Y%m%d).log",
    "logs:weekly": "tail -f logs/weekly-$(date +%Y%m%d).log",
    "logs:hourly": "tail -f logs/hourly-$(date +%Y%m%d).log"
  },
  "dependencies": {
    "openai": "^4.20.1",
    "resend": "^2.1.0",
    "twitter-api-v2": "^1.15.1",
    "axios": "^1.6.2",
    "@prisma/client": "^5.7.0",
    "prisma": "^5.7.0",
    "dotenv": "^16.3.1",
    "fs-extra": "^11.2.0",
    "node-cron": "^3.0.3",
    "cheerio": "^1.0.0-rc.12",
    "puppeteer": "^21.6.1",
    "nodemailer": "^6.9.7",
    "@sendgrid/mail": "^8.1.0",
    "postmark": "^4.0.2"
  },
  "devDependencies": {
    "@types/node": "^20.10.4",
    "@types/fs-extra": "^11.0.4",
    "@types/node-cron": "^3.0.11",
    "@types/nodemailer": "^6.4.14",
    "ts-node": "^10.9.1",
    "typescript": "^5.3.3"
  },
  "engines": {
    "node": ">=18.0.0",
    "npm": ">=8.0.0"
  }
}
