
{
  "title": "Top 15-20 Highest-Performing Affiliate Programs for 2025",
  "last_updated": "2025-06-04",
  "research_methodology": "Comprehensive analysis of commission rates, conversion potential, trending products, and market performance based on multiple industry sources",
  "programs": [
    {
      "program": "Systeme.io",
      "niche": "All-in-One Digital Marketing Platform",
      "top_trending_products": ["Sales Funnels", "Email Marketing", "Website Builder", "Online Course Creation"],
      "commission_rate": "40-60% lifetime recurring",
      "cookie_duration_days": "Lifetime",
      "min_payout": "$30",
      "payment_methods": ["PayPal", "Bank Transfer"],
      "why_performing_well": "Offers lifetime recurring commissions with generous 60% rate, freemium model makes conversions easier, over $3M paid to affiliates, 10x cheaper than competitors",
      "average_order_value": "$49-$297/month",
      "conversion_advantages": "Free tier available, comprehensive marketing tools, excellent affiliate support",
      "sources": ["https://digitalfodder.com/high-paying-affiliate-programs/", "https://www.authorityhacker.com/saas-affiliate-programs/"]
    },
    {
      "program": "Shopify",
      "niche": "E-commerce Platform",
      "top_trending_products": ["Online Store Builder", "POS Systems", "Payment Processing", "Marketing Tools"],
      "commission_rate": "Up to $150 per referral (200% bounty)",
      "cookie_duration_days": 30,
      "min_payout": "$10",
      "payment_methods": ["Direct Deposit", "PayPal"],
      "why_performing_well": "Market leader in e-commerce, high brand recognition, strong conversion rates, growing online business trend",
      "average_order_value": "$29-$2000/month",
      "conversion_advantages": "Free trial available, trusted brand, comprehensive resources for affiliates",
      "sources": ["https://digitalfodder.com/high-paying-affiliate-programs/", "https://www.shopify.com/blog/best-affiliate-programs"]
    },
    {
      "program": "Kinsta",
      "niche": "Premium WordPress Hosting",
      "top_trending_products": ["Managed WordPress Hosting", "Application Hosting", "Database Hosting"],
      "commission_rate": "$50-$500 per sale + 10% lifetime recurring",
      "cookie_duration_days": 60,
      "min_payout": "$100",
      "payment_methods": ["PayPal"],
      "why_performing_well": "Premium hosting with Google Cloud infrastructure, 95% customer retention rate, high-value customers",
      "average_order_value": "$35-$1500/month",
      "conversion_advantages": "Free migration, excellent performance, developer-focused features",
      "sources": ["https://digitalfodder.com/high-paying-affiliate-programs/", "https://commission.academy/blog/highest-paying-affiliate-programs/"]
    },
    {
      "program": "Semrush",
      "niche": "SEO & Digital Marketing Tools",
      "top_trending_products": ["Keyword Research", "Competitor Analysis", "Site Audit", "Content Marketing"],
      "commission_rate": "$200 per sale + $10 per trial",
      "cookie_duration_days": 120,
      "min_payout": "$10",
      "payment_methods": ["PayPal", "Electronic Transfer"],
      "why_performing_well": "Essential tool for digital marketers, trusted by Fortune 500 companies, comprehensive feature set",
      "average_order_value": "$119-$449/month",
      "conversion_advantages": "Free trial available, extensive educational content, strong brand authority",
      "sources": ["https://digitalfodder.com/high-paying-affiliate-programs/", "https://www.shopify.com/blog/best-affiliate-programs"]
    },
    {
      "program": "HubSpot",
      "niche": "CRM & Marketing Automation",
      "top_trending_products": ["CRM", "Marketing Hub", "Sales Hub", "Service Hub"],
      "commission_rate": "30% recurring for 12 months (up to $1,000)",
      "cookie_duration_days": 180,
      "min_payout": "$10",
      "payment_methods": ["Direct Deposit", "PayPal"],
      "why_performing_well": "All-in-one platform, freemium model, strong brand recognition, comprehensive business solution",
      "average_order_value": "$50-$3200/month",
      "conversion_advantages": "Free CRM tier, extensive training resources, long cookie duration",
      "sources": ["https://digitalfodder.com/high-paying-affiliate-programs/", "https://entryera.com/20-high-ticket-affiliate-marketing-programs/"]
    },
    {
      "program": "ConvertKit",
      "niche": "Email Marketing for Creators",
      "top_trending_products": ["Email Automation", "Landing Pages", "Creator Tools", "Subscriber Management"],
      "commission_rate": "30% recurring for 24 months",
      "cookie_duration_days": 60,
      "min_payout": "$25",
      "payment_methods": ["PayPal"],
      "why_performing_well": "Creator-focused platform, long-term recurring commissions, growing creator economy",
      "average_order_value": "$29-$79/month",
      "conversion_advantages": "Free plan available, creator-specific features, excellent support",
      "sources": ["https://www.authorityhacker.com/saas-affiliate-programs/", "https://commission.academy/blog/highest-paying-affiliate-programs/"]
    },
    {
      "program": "GetResponse",
      "niche": "Email Marketing & Automation",
      "top_trending_products": ["Email Marketing", "Landing Pages", "Webinars", "Marketing Automation"],
      "commission_rate": "33% recurring or $100 one-time",
      "cookie_duration_days": 120,
      "min_payout": "$50",
      "payment_methods": ["PayPal", "Bank Transfer"],
      "why_performing_well": "Comprehensive marketing platform, competitive pricing, strong feature set",
      "average_order_value": "$15-$99/month",
      "conversion_advantages": "Free trial, all-in-one solution, competitive pricing",
      "sources": ["https://digitalfodder.com/high-paying-affiliate-programs/", "https://commission.academy/blog/highest-paying-affiliate-programs/"]
    },
    {
      "program": "ClickFunnels",
      "niche": "Sales Funnel Builder",
      "top_trending_products": ["Sales Funnels", "Landing Pages", "Email Marketing", "Membership Sites"],
      "commission_rate": "30-40% recurring",
      "cookie_duration_days": 45,
      "min_payout": "$100",
      "payment_methods": ["PayPal", "Direct Deposit", "Wire Transfer"],
      "why_performing_well": "Popular among entrepreneurs, strong community, comprehensive funnel solution",
      "average_order_value": "$97-$297/month",
      "conversion_advantages": "Free trial, extensive training, strong brand following",
      "sources": ["https://www.shopify.com/blog/best-affiliate-programs/", "https://entryera.com/20-high-ticket-affiliate-marketing-programs/"]
    },
    {
      "program": "Bluehost",
      "niche": "Web Hosting",
      "top_trending_products": ["Shared Hosting", "WordPress Hosting", "VPS Hosting", "Dedicated Servers"],
      "commission_rate": "$65-$130 per sale",
      "cookie_duration_days": 90,
      "min_payout": "$100",
      "payment_methods": ["PayPal", "Electronic Bank Transfer"],
      "why_performing_well": "WordPress.org recommended, beginner-friendly, strong brand recognition",
      "average_order_value": "$2.95-$13.95/month",
      "conversion_advantages": "Low entry price, WordPress integration, money-back guarantee",
      "sources": ["https://digitalfodder.com/high-paying-affiliate-programs/", "https://commission.academy/blog/highest-paying-affiliate-programs/"]
    },
    {
      "program": "Teachable",
      "niche": "Online Course Platform",
      "top_trending_products": ["Course Creation", "Student Management", "Payment Processing", "Marketing Tools"],
      "commission_rate": "30% recurring for 12 months",
      "cookie_duration_days": 30,
      "min_payout": "$50",
      "payment_methods": ["PayPal", "Stripe", "Bank Transfer"],
      "why_performing_well": "Growing online education market, creator economy boom, easy course creation",
      "average_order_value": "$39-$665/month",
      "conversion_advantages": "Free plan available, user-friendly interface, comprehensive features",
      "sources": ["https://digitalfodder.com/high-paying-affiliate-programs/", "https://entryera.com/20-high-ticket-affiliate-marketing-programs/"]
    },
    {
      "program": "Fiverr",
      "niche": "Freelance Marketplace",
      "top_trending_products": ["Graphic Design", "Digital Marketing", "Writing Services", "Programming"],
      "commission_rate": "$15-$150 CPA or 10% revenue share",
      "cookie_duration_days": 30,
      "min_payout": "$100",
      "payment_methods": ["PayPal", "Payoneer", "Wire Transfer"],
      "why_performing_well": "Growing gig economy, diverse service categories, strong brand recognition",
      "average_order_value": "$5-$995 per gig",
      "conversion_advantages": "Low service prices, wide variety of services, trusted platform",
      "sources": ["https://digitalfodder.com/high-paying-affiliate-programs/", "https://www.shopify.com/blog/best-affiliate-programs/"]
    },
    {
      "program": "NordVPN",
      "niche": "VPN & Cybersecurity",
      "top_trending_products": ["VPN Service", "Password Manager", "File Encryption", "Threat Protection"],
      "commission_rate": "30-100% on sign-ups",
      "cookie_duration_days": 30,
      "min_payout": "$10",
      "payment_methods": ["PayPal", "Wire Transfer"],
      "why_performing_well": "Growing privacy concerns, remote work trend, strong security features",
      "average_order_value": "$3.71-$11.95/month",
      "conversion_advantages": "30-day money-back guarantee, strong brand trust, essential service",
      "sources": ["https://www.authorityhacker.com/saas-affiliate-programs/", "https://www.shopify.com/blog/best-affiliate-programs/"]
    },
    {
      "program": "Liquid Web",
      "niche": "Premium Web Hosting",
      "top_trending_products": ["Managed WordPress", "VPS Hosting", "Dedicated Servers", "Cloud Hosting"],
      "commission_rate": "150% of monthly cost (min $150)",
      "cookie_duration_days": 90,
      "min_payout": "$50",
      "payment_methods": ["PayPal", "Direct Deposit", "Wire Transfer"],
      "why_performing_well": "Premium hosting for businesses, high customer retention, excellent support",
      "average_order_value": "$100-$500/month",
      "conversion_advantages": "High-quality service, business-focused, excellent uptime",
      "sources": ["https://digitalfodder.com/high-paying-affiliate-programs/", "https://entryera.com/20-high-ticket-affiliate-marketing-programs/"]
    },
    {
      "program": "Elementor",
      "niche": "WordPress Page Builder",
      "top_trending_products": ["Page Builder", "Website Templates", "Hosting", "Design Tools"],
      "commission_rate": "50% per sale",
      "cookie_duration_days": 90,
      "min_payout": "$200",
      "payment_methods": ["PayPal"],
      "why_performing_well": "Popular WordPress plugin, drag-and-drop functionality, growing website creation market",
      "average_order_value": "$49-$199/year",
      "conversion_advantages": "Free version available, user-friendly, extensive template library",
      "sources": ["https://commission.academy/blog/highest-paying-affiliate-programs/", "https://www.shopify.com/blog/best-affiliate-programs/"]
    },
    {
      "program": "Coursera",
      "niche": "Online Education",
      "top_trending_products": ["University Courses", "Professional Certificates", "Specializations", "Degrees"],
      "commission_rate": "20-45% per sale",
      "cookie_duration_days": 30,
      "min_payout": "$10",
      "payment_methods": ["PayPal", "Electronic Transfer"],
      "why_performing_well": "Partnership with top universities, growing online learning market, professional development focus",
      "average_order_value": "$39-$79/month",
      "conversion_advantages": "Free courses available, university partnerships, career-focused content",
      "sources": ["https://digitalfodder.com/high-paying-affiliate-programs/", "https://www.shopify.com/blog/best-affiliate-programs/"]
    },
    {
      "program": "BigCommerce",
      "niche": "E-commerce Platform",
      "top_trending_products": ["Online Store Builder", "Multi-channel Selling", "B2B Solutions", "Enterprise Features"],
      "commission_rate": "200% of first month (up to $1,500)",
      "cookie_duration_days": 90,
      "min_payout": "$50",
      "payment_methods": ["PayPal", "Direct Deposit"],
      "why_performing_well": "Shopify alternative, enterprise features, no transaction fees, growing e-commerce market",
      "average_order_value": "$29-$400/month",
      "conversion_advantages": "Free trial, no transaction fees, scalable platform",
      "sources": ["https://commission.academy/blog/highest-paying-affiliate-programs/", "https://entryera.com/20-high-ticket-affiliate-marketing-programs/"]
    },
    {
      "program": "Smartproxy",
      "niche": "Proxy Services",
      "top_trending_products": ["Residential Proxies", "Datacenter Proxies", "Mobile Proxies", "Web Scraping Tools"],
      "commission_rate": "Up to 50%",
      "cookie_duration_days": 60,
      "min_payout": "$100",
      "payment_methods": ["PayPal", "Bank Transfer"],
      "why_performing_well": "Growing data privacy needs, web scraping demand, high-value B2B customers",
      "average_order_value": "$75-$500/month",
      "conversion_advantages": "Essential for businesses, high customer lifetime value, technical audience",
      "sources": ["https://www.refersion.com/blog/top-affiliate-marketing-programs-in-2025/"]
    },
    {
      "program": "Kajabi",
      "niche": "All-in-One Course Platform",
      "top_trending_products": ["Course Creation", "Marketing Tools", "Website Builder", "Email Marketing"],
      "commission_rate": "30% recurring lifetime",
      "cookie_duration_days": 30,
      "min_payout": "$50",
      "payment_methods": ["PayPal", "Bank Transfer"],
      "why_performing_well": "Creator economy growth, all-in-one solution, high customer lifetime value",
      "average_order_value": "$149-$399/month",
      "conversion_advantages": "Comprehensive platform, strong community, excellent support",
      "sources": ["https://commission.academy/blog/highest-paying-affiliate-programs/", "https://taggbox.com/blog/saas-affiliate-programs/"]
    },
    {
      "program": "WP Engine",
      "niche": "Managed WordPress Hosting",
      "top_trending_products": ["WordPress Hosting", "Headless WordPress", "Local Development", "Security"],
      "commission_rate": "Up to $200 per sale",
      "cookie_duration_days": 180,
      "min_payout": "$50",
      "payment_methods": ["Direct Deposit", "Check"],
      "why_performing_well": "Premium WordPress hosting, enterprise customers, excellent performance",
      "average_order_value": "$30-$290/month",
      "conversion_advantages": "Free migration, developer tools, enterprise features",
      "sources": ["https://www.authorityhacker.com/saas-affiliate-programs/", "https://entryera.com/20-high-ticket-affiliate-marketing-programs/"]
    },
    {
      "program": "AWeber",
      "niche": "Email Marketing",
      "top_trending_products": ["Email Automation", "Landing Pages", "Sign-up Forms", "Analytics"],
      "commission_rate": "30-50% recurring lifetime",
      "cookie_duration_days": 365,
      "min_payout": "$30",
      "payment_methods": ["PayPal"],
      "why_performing_well": "Long-established platform, excellent deliverability, small business focus",
      "average_order_value": "$19-$149/month",
      "conversion_advantages": "Free plan available, excellent support, long cookie duration",
      "sources": ["https://www.authorityhacker.com/saas-affiliate-programs/", "https://commission.academy/blog/highest-paying-affiliate-programs/"]
    }
  ],
  "market_analysis": {
    "top_performing_niches_2025": [
      "SaaS & Software Tools",
      "E-commerce Platforms", 
      "Digital Marketing Tools",
      "Online Education",
      "Web Hosting & Infrastructure",
      "Cybersecurity & Privacy"
    ],
    "trending_factors": [
      "Recurring commission models providing long-term income",
      "AI-powered tools and automation",
      "Creator economy and online course platforms",
      "Remote work and digital transformation",
      "Privacy and security concerns driving VPN/proxy demand",
      "Small business digitization accelerating"
    ],
    "commission_trends": {
      "highest_rates": "40-60% recurring (Systeme.io, AWeber)",
      "best_one_time": "$500-$1,500 (Kinsta, BigCommerce, Liquid Web)",
      "longest_cookies": "Lifetime (Systeme.io), 365 days (AWeber), 180 days (HubSpot, WP Engine)"
    }
  },
  "success_factors": {
    "program_selection": "Focus on recurring commissions, established brands, and growing markets",
    "audience_targeting": "Match program to audience needs and technical level",
    "content_strategy": "Create educational content, tutorials, and honest reviews",
    "conversion_optimization": "Leverage free trials, demos, and comparison content"
  },
  "budget_considerations": {
    "startup_costs": "Most programs are free to join",
    "recommended_budget_allocation": {
      "content_creation": "$50-100/month",
      "paid_advertising": "$100-150/month", 
      "tools_and_software": "$50/month"
    },
    "day_1_income_potential": "Focus on programs with free trials and low-barrier entry like Shopify, HubSpot, ConvertKit"
  }
}
